{"count":1,"self":173.1233536,"total":173.39202179999998,"children":{"InitializeActuators":{"count":15,"self":0.0015317999999999998,"total":0.0015317999999999998,"children":null},"InitializeSensors":{"count":15,"self":0.001005,"total":0.001005,"children":null},"AgentSendState":{"count":3495,"self":0.0234399,"total":0.1930385,"children":{"CollectObservations":{"count":5,"self":0.16647009999999998,"total":0.16647009999999998,"children":null},"WriteActionMask":{"count":5,"self":0,"total":0,"children":null},"RequestDecision":{"count":5,"self":0.0031284999999999998,"total":0.0031284999999999998,"children":null}}},"DecideAction":{"count":3495,"self":0.067015499999999992,"total":0.067015499999999992,"children":null},"AgentAct":{"count":3495,"self":0.0055334999999999994,"total":0.0055334999999999994,"children":null}},"gauges":{},"metadata":{"timer_format_version":"0.1.0","start_time_seconds":"1744496347","unity_version":"6000.0.39f1","command_line_arguments":"C:\\Program Files\\Unity\\Hub\\Editor\\6000.0.39f1\\Editor\\Unity.exe -projectpath C:\\Users\\jjmca\\RetroLOTR -useHub -hubIPC -cloudEnvironment production","communication_protocol_version":"1.5.0","com.unity.ml-agents_version":"3.0.0","scene_name":"InGame","end_time_seconds":"1744496520"}}