{"count":1,"self":46.919584,"total":58.226456299999995,"children":{"InitializeActuators":{"count":21,"self":0.0015379999999999999,"total":0.0015379999999999999,"children":null},"InitializeSensors":{"count":21,"self":0.0015373,"total":0.0015373,"children":null},"AgentSendState":{"count":117,"self":0.0020334999999999997,"total":0.0197734,"children":{"CollectObservations":{"count":2,"self":0.0051617999999999994,"total":0.0051617999999999994,"children":null},"WriteActionMask":{"count":2,"self":0.0020770999999999997,"total":0.0020770999999999997,"children":null},"RequestDecision":{"count":2,"self":0.0039981,"total":0.010501,"children":{"AgentInfo.ToProto":{"count":2,"self":0.0012599999999999998,"total":0.0065029,"children":{"GenerateSensorData":{"count":2,"self":0.0052429,"total":0.0052429,"children":null}}}}}}},"DecideAction":{"count":117,"self":10.9437728,"total":10.9437731,"children":null},"AgentAct":{"count":117,"self":0.3356209,"total":0.3402518,"children":{"AgentInfo.ToProto":{"count":21,"self":0,"total":0.0046308999999999994,"children":{"GenerateSensorData":{"count":21,"self":0.0046308999999999994,"total":0.0046308999999999994,"children":null}}}}}},"gauges":{"Character.CumulativeReward":{"count":21,"max":9924.851,"min":-0.1,"runningAverage":472.607147,"value":0,"weightedAverage":24.867857}},"metadata":{"timer_format_version":"0.1.0","start_time_seconds":"1744577245","unity_version":"6000.0.39f1","command_line_arguments":"C:\\Program Files\\Unity\\Hub\\Editor\\6000.0.39f1\\Editor\\Unity.exe -projectpath C:\\Users\\jjmca\\RetroLOTR -useHub -hubIPC -cloudEnvironment production","communication_protocol_version":"1.5.0","com.unity.ml-agents_version":"3.0.0","scene_name":"InGame","end_time_seconds":"1744577303"}}