{
    "name": "root",
    "metadata": {
        "timer_format_version": "0.1.0",
        "start_time_seconds": "1745779966",
        "python_version": "3.8.10 (tags/v3.8.10:3d8993a, May  3 2021, 11:48:03) [MSC v.1928 64 bit (AMD64)]",
        "command_line_arguments": "C:\\Users\\jjmca\\AppData\\Local\\Packages\\PythonSoftwareFoundation.Python.3.8_qbz5n2kfra8p0\\LocalCache\\local-packages\\Python38\\site-packages\\mlagents\\trainers\\learn.py config.yaml --run-id=MyTrainingRun2",
        "mlagents_version": "0.29.0",
        "mlagents_envs_version": "0.29.0",
        "communication_protocol_version": "1.5.0",
        "pytorch_version": "2.4.1+cu121",
        "numpy_version": "1.22.4",
        "end_time_seconds": "1745780286"
    },
    "total": 319.9322726,
    "count": 1,
    "self": 0.005769700000030298,
    "children": {
        "run_training.setup": {
            "total": 0.22824540000000004,
            "count": 1,
            "self": 0.22824540000000004
        },
        "TrainerController.start_learning": {
            "total": 319.69825749999995,
            "count": 1,
            "self": 0.00037409999998772037,
            "children": {
                "TrainerController._reset_env": {
                    "total": 39.143545700000004,
                    "count": 1,
                    "self": 39.143545700000004
                },
                "TrainerController.advance": {
                    "total": 280.3767678,
                    "count": 10,
                    "self": 0.00018679999999449137,
                    "children": {
                        "env_step": {
                            "total": 280.3164385,
                            "count": 10,
                            "self": 280.1638506,
                            "children": {
                                "SubprocessEnvManager._take_step": {
                                    "total": 0.1524863999999866,
                                    "count": 10,
                                    "self": 0.0005937000000031389,
                                    "children": {
                                        "TorchPolicy.evaluate": {
                                            "total": 0.15189269999998345,
                                            "count": 7,
                                            "self": 0.012890300000002242,
                                            "children": {
                                                "TorchPolicy.sample_actions": {
                                                    "total": 0.1390023999999812,
                                                    "count": 7,
                                                    "self": 0.1390023999999812
                                                }
                                            }
                                        }
                                    }
                                },
                                "workers": {
                                    "total": 0.0001015000000208488,
                                    "count": 9,
                                    "self": 0.0,
                                    "children": {
                                        "worker_root": {
                                            "total": 217.22591690000002,
                                            "count": 9,
                                            "is_parallel": true,
                                            "self": 1.0128998000000422,
                                            "children": {
                                                "steps_from_proto": {
                                                    "total": 0.0006189999999932638,
                                                    "count": 1,
                                                    "is_parallel": true,
                                                    "self": 0.0003590999999900646,
                                                    "children": {
                                                        "_process_rank_one_or_two_observation": {
                                                            "total": 0.00025990000000319924,
                                                            "count": 2,
                                                            "is_parallel": true,
                                                            "self": 0.00025990000000319924
                                                        }
                                                    }
                                                },
                                                "UnityEnvironment.step": {
                                                    "total": 216.21239809999997,
                                                    "count": 9,
                                                    "is_parallel": true,
                                                    "self": 0.0010665999999730502,
                                                    "children": {
                                                        "UnityEnvironment._generate_step_input": {
                                                            "total": 0.0007735000000010928,
                                                            "count": 9,
                                                            "is_parallel": true,
                                                            "self": 0.0007735000000010928
                                                        },
                                                        "communicator.exchange": {
                                                            "total": 216.20709939999998,
                                                            "count": 9,
                                                            "is_parallel": true,
                                                            "self": 216.20709939999998
                                                        },
                                                        "steps_from_proto": {
                                                            "total": 0.003458600000023182,
                                                            "count": 9,
                                                            "is_parallel": true,
                                                            "self": 0.0019626000000201316,
                                                            "children": {
                                                                "_process_rank_one_or_two_observation": {
                                                                    "total": 0.0014960000000030504,
                                                                    "count": 18,
                                                                    "is_parallel": true,
                                                                    "self": 0.0014960000000030504
                                                                }
                                                            }
                                                        }
                                                    }
                                                }
                                            }
                                        }
                                    }
                                }
                            }
                        },
                        "trainer_advance": {
                            "total": 0.060142499999955135,
                            "count": 9,
                            "self": 0.00022159999990378765,
                            "children": {
                                "process_trajectory": {
                                    "total": 0.05992090000005135,
                                    "count": 9,