{
    "name": "root",
    "metadata": {
        "timer_format_version": "0.1.0",
        "start_time_seconds": "1745687590",
        "python_version": "3.8.10 (tags/v3.8.10:3d8993a, May  3 2021, 11:48:03) [MSC v.1928 64 bit (AMD64)]",
        "command_line_arguments": "C:\\Users\\jjmca\\AppData\\Local\\Packages\\PythonSoftwareFoundation.Python.3.8_qbz5n2kfra8p0\\LocalCache\\local-packages\\Python38\\site-packages\\mlagents\\trainers\\learn.py config.yaml --run-id=MyTrainingRun",
        "mlagents_version": "0.29.0",
        "mlagents_envs_version": "0.29.0",
        "communication_protocol_version": "1.5.0",
        "pytorch_version": "2.4.1+cu121",
        "numpy_version": "1.22.4",
        "end_time_seconds": "1745687701"
    },
    "total": 110.7416207,
    "count": 1,
    "self": 0.006004599999982929,
    "children": {
        "run_training.setup": {
            "total": 0.28844649999999916,
            "count": 1,
            "self": 0.28844649999999916
        },
        "TrainerController.start_learning": {
            "total": 110.44716960000001,
            "count": 1,
            "self": 0.00039649999999369356,
            "children": {
                "TrainerController._reset_env": {
                    "total": 23.4565457,
                    "count": 1,
                    "self": 23.4565457
                },
                "TrainerController.advance": {
                    "total": 86.86590670000001,
                    "count": 4,
                    "self": 7.910000002198103e-05,
                    "children": {
                        "env_step": {
                            "total": 86.80464219999999,
                            "count": 4,
                            "self": 86.6387805,
                            "children": {
                                "SubprocessEnvManager._take_step": {
                                    "total": 0.16582799999999764,
                                    "count": 4,
                                    "self": 0.00015519999999469292,
                                    "children": {
                                        "TorchPolicy.evaluate": {
                                            "total": 0.16567280000000295,
                                            "count": 2,
                                            "self": 0.0026761000000021795,
                                            "children": {
                                                "TorchPolicy.sample_actions": {
                                                    "total": 0.16299670000000077,
                                                    "count": 2,
                                                    "self": 0.16299670000000077
                                                }
                                            }
                                        }
                                    }
                                },
                                "workers": {
                                    "total": 3.3699999988812124e-05,
                                    "count": 3,
                                    "self": 0.0,
                                    "children": {
                                        "worker_root": {
                                            "total": 61.53098589999999,
                                            "count": 3,
                                            "is_parallel": true,
                                            "self": 6.649849700000004,
                                            "children": {
                                                "steps_from_proto": {
                                                    "total": 0.0009565999999985308,
                                                    "count": 1,
                                                    "is_parallel": true,
                                                    "self": 0.00035029999999736106,
                                                    "children": {
                                                        "_process_rank_one_or_two_observation": {
                                                            "total": 0.0006063000000011698,
                                                            "count": 2,
                                                            "is_parallel": true,
                                                            "self": 0.0006063000000011698
                                                        }
                                                    }
                                                },
                                                "UnityEnvironment.step": {
                                                    "total": 54.880179599999984,
                                                    "count": 3,
                                                    "is_parallel": true,
                                                    "self": 0.003302799999964634,
                                                    "children": {
                                                        "UnityEnvironment._generate_step_input": {
                                                            "total": 0.00027539999999959264,
                                                            "count": 3,
                                                            "is_parallel": true,
                                                            "self": 0.00027539999999959264
                                                        },
                                                        "communicator.exchange": {
                                                            "total": 54.86861960000002,
                                                            "count": 3,
                                                            "is_parallel": true,
                                                            "self": 54.86861960000002
                                                        },
                                                        "steps_from_proto": {
                                                            "total": 0.007981800000003147,
                                                            "count": 3,
                                                            "is_parallel": true,
                                                            "self": 0.0007207000000057917,
                                                            "children": {
                                                                "_process_rank_one_or_two_observation": {
                                                                    "total": 0.007261099999997356,
                                                                    "count": 6,
                                                                    "is_parallel": true,
                                                                    "self": 0.007261099999997356
                                                                }
                                                            }
                                                        }
                                                    }
                                                }
                                            }
                                        }
                                    }
                                }
                            }
                        },
                        "trainer_advance": {
                            "total": 0.061185400000006496,
                            "count": 3,
                            "self": 6.250000001273293e-05,
                            "children": {
                                "process_trajectory": {
                                    "total": 0.06112289999999376,
                                    "count": 3,